{"MSE": 0.09715375951583782, "MAE": 0.2546336277128368}