{"MSE": 0.18545549490094496, "MAE": 0.42192221687063886}