{"MSE": 0.03061147750751748, "MAE": 0.1190249674809524}