{"MSE": 21051201.598936763, "MAE": 2540.9934754008714}