{"MSE": 0.032659129863071, "MAE": 0.15906692110661344}