{"MSE": 0.10255215143424505, "MAE": 0.28783468036519205}